{
  "target": "uk_spot",
  "best_params": {
    "depth": 7,
    "learning_rate": 0.039337116822164495,
    "l2_leaf_reg": 6.514940313468905,
    "subsample": 0.8252697808664589,
    "min_data_in_leaf": 9,
    "random_strength": 1.3547341727269162,
    "bagging_temperature": 0.24024419550317888
  },
  "n_features": 100
}