{
  "fr_spot": {
    "best_params": {
      "depth": 9,
      "learning_rate": 0.06982495078458271,
      "l2_leaf_reg": 1.6556251889929818,
      "subsample": 0.6384385335477671,
      "min_data_in_leaf": 76,
      "random_strength": 1.510235477251555,
      "bagging_temperature": 0.44463756064579735
    },
    "features": [
      "de_spark_spread",
      "ch_spot_la",
      "fr_spot_la",
      "continental_residual_load",
      "fr_thermal_need_x_gas",
      "at_spot_la",
      "fr_spot_lag_168h",
      "de_residual_load",
      "nl_spark_spread",
      "nl_gas",
      "fr_thermal_need",
      "es_gas",
      "fr_asinh_spot_la",
      "fr_spot_la_log",
      "fr_residual_change_24h",
      "fr_scarcity_ratio",
      "fr_security_margin",
      "fr_spot_lag_48h",
      "de_gas",
      "uk_residual_x_spark",
      "fr_residual_zscore_14d",
      "fr_residual_ramp_3h",
      "fr_nuclear_rolling_7d_mean",
      "eu_emission_roll_168h_mean",
      "uk_emission",
      "es_spot_la",
      "uk_residual_ramp_3h",
      "uk_residual_zscore_14d",
      "fr_gas",
      "fr_residual_load_v2"
    ],
    "n_features": 30,
    "rmse": 25.290247636473037,
    "mae": 19.106654020208275,
    "smape": 63.39965836868784,
    "optuna_time_min": 6.6,
    "best_iter": 1015,
    "hourly_rmse": {
      "0": 26.989837364180822,
      "1": 27.4694404234831,
      "2": 25.226101302272088,
      "3": 24.54846501651969,
      "4": 24.845567910297813,
      "5": 24.580946213002008,
      "6": 25.090469564086785,
      "7": 26.782332070461294,
      "8": 25.975145972940524,
      "9": 24.34953939553361,
      "10": 23.668079598052277,
      "11": 23.438377026701545,
      "12": 21.118166335799064,
      "13": 21.189606307099623,
      "14": 21.35987334634599,
      "15": 21.28581733291788,
      "16": 22.095472002009842,
      "17": 24.20804289624739,
      "18": 29.03313137988427,
      "19": 31.672633193684128,
      "20": 31.517902321022895,
      "21": 28.437422822571918,
      "22": 24.197161335673176,
      "23": 23.8873778728134
    },
    "residuals_mean": -16.375463501568696,
    "residuals_median": -12.364997960655693,
    "residuals_std": 19.272800020311568,
    "residuals_skew": -0.5818179817096915,
    "feature_importances": {
      "continental_residual_load": 7.847395279845107,
      "fr_spot_la_log": 6.0986153663679925,
      "nl_gas": 5.493257585582442,
      "fr_thermal_need_x_gas": 5.236700680722057,
      "ch_spot_la": 5.109865695840088,
      "de_spark_spread": 4.921020051475429,
      "at_spot_la": 4.426872483609715,
      "eu_emission_roll_168h_mean": 4.426497578329889,
      "fr_spot_lag_168h": 4.425179279567596,
      "fr_nuclear_rolling_7d_mean": 4.331107682177567,
      "fr_residual_change_24h": 4.24658597458371,
      "fr_scarcity_ratio": 4.184426968482498,
      "de_residual_load": 4.032058506877461,
      "de_gas": 3.1644068796947216,
      "fr_spot_la": 3.062076497236892,
      "fr_asinh_spot_la": 2.876310790074135,
      "es_gas": 2.792968201033432,
      "uk_residual_x_spark": 2.5628539212824597,
      "uk_emission": 2.465028139482026,
      "fr_residual_zscore_14d": 2.220289590382531,
      "fr_security_margin": 2.0874398329189967,
      "nl_spark_spread": 2.0067586603353824,
      "fr_residual_load_v2": 1.9548099450190806,
      "uk_residual_zscore_14d": 1.8068970661985746,
      "fr_spot_lag_48h": 1.5265383043639764,
      "es_spot_la": 1.4670413085865999,
      "fr_gas": 1.4304725449843965,
      "uk_residual_ramp_3h": 1.402214553759253,
      "fr_thermal_need": 1.2334438200894913,
      "fr_residual_ramp_3h": 1.160866811096534
    }
  },
  "uk_spot": {
    "best_params": {
      "depth": 7,
      "learning_rate": 0.039337116822164495,
      "l2_leaf_reg": 6.514940313468905,
      "subsample": 0.8252697808664589,
      "min_data_in_leaf": 9,
      "random_strength": 1.3547341727269162,
      "bagging_temperature": 0.24024419550317888
    },
    "features": [
      "uk_spot_la",
      "uk_residual_x_spark",
      "uk_wind_gap_x_gas",
      "uk_spot_la_log",
      "uk_thermal_need_x_gas",
      "uk_asinh_spot_la",
      "uk_wind_pen",
      "fr_spot_la",
      "uk_spot_lag_168h",
      "de_gas",
      "continental_wind_pen",
      "nl_spot_la",
      "uk_residual_ramp_3h",
      "fr_thermal_need_x_gas",
      "ch_spot_la",
      "continental_residual_load",
      "es_gas",
      "fr_residual_ramp_3h",
      "fr_nuclear_rolling_7d_mean",
      "uk_supply_demand_ratio",
      "uk_wind_change_24h",
      "uk_emission",
      "de_spark_spread",
      "doy_cos",
      "fr_uk_flow_over_atc",
      "eu_emission_roll_168h_mean",
      "uk_residual_change_24h",
      "uk_wind_pen_squared",
      "nl_spark_spread",
      "fr_security_margin",
      "fr_load_ramp_3h",
      "uk_scarcity_ratio",
      "fr_thermal_need",
      "fr_river_temp_rhone_lyon_f",
      "fr_spot_la_roll_168h_mean",
      "fr_spot_la_log",
      "de_residual_load",
      "uk_gas_margin",
      "fr_spark_ccgt",
      "es_spot_la",
      "fr_nuclear_avcap_f",
      "all_from_uk_atc",
      "uk_load_ramp_3h",
      "uk_thermal_need",
      "uk_spot_lag_48h",
      "fr_residual_change_24h",
      "uk_spark_ccgt",
      "de_wind_pen",
      "hour_cos",
      "nl_wind_f",
      "fr_scarcity_ratio",
      "fr_spot_lag_168h",
      "de_renewable_pen",
      "uk_spark_spread",
      "uk_spot_la_deviation_24h",
      "fr_spark_ocgt",
      "fr_residual_x_spark",
      "hour",
      "fr_gas_roll_168h_mean",
      "uk_residual_zscore_14d",
      "continental_avg_spot_la",
      "uk_total_dispatchable",
      "fr_asinh_spot_la",
      "fr_load_change_24h",
      "hour_sin",
      "eu_emission",
      "uk_spot_la_roll_168h_std",
      "at_spot_la",
      "nl_spot_lag_48h",
      "nl_gas",
      "fr_hydro_change_24h",
      "uk_spot_la_roll_24h_min",
      "uk_fr_utilization",
      "uk_residual_load",
      "cost_uk-fr-3_la",
      "max_utilization_to_uk",
      "uk_wind_ramp_6h",
      "uk_load_zscore_14d",
      "uk_spark_spread_log",
      "de_load_change_24h",
      "de_wind_f",
      "fr_wind_ramp_3h",
      "hour_x_dow",
      "uk_residual_ramp_1h",
      "uk_security_margin",
      "fr_congestion_x_spark_diff",
      "fr_nuclear_x_gas",
      "uk_nuclear_pct_of_load",
      "ch_hydro_res_f",
      "fr_river_temp_rhine_rheinfelden_f",
      "uk_spot_minus_spark",
      "fr_total_dispatchable",
      "fr_thermal_need_pos",
      "es_load_f",
      "fr_uk_unused_capacity",
      "is_evening_peak",
      "doy_sin",
      "atc_nl-uk_f",
      "fr_nuclear_trend_3d",
      "uk_load_ramp_1h"
    ],
    "n_features": 100,
    "rmse": 10.663857149887669,
    "mae": 7.885340908435783,
    "smape": 17.500308059405057,
    "optuna_time_min": 18.6,
    "best_iter": 1348,
    "hourly_rmse": {
      "0": 12.390439782248945,
      "1": 12.36946842133736,
      "2": 12.177332993029912,
      "3": 10.87233781983316,
      "4": 10.637963458426523,
      "5": 10.777191137173395,
      "6": 12.232793981176055,
      "7": 11.941511531665702,
      "8": 12.482827238206605,
      "9": 11.95743396896892,
      "10": 11.69784743149754,
      "11": 10.170202329123285,
      "12": 10.368363651789073,
      "13": 11.449617974257446,
      "14": 11.577831074794362,
      "15": 10.951747252884088,
      "16": 9.22218449221606,
      "17": 9.195412417160885,
      "18": 8.351435753869792,
      "19": 8.191681858545833,
      "20": 8.559802565476428,
      "21": 9.078008844702042,
      "22": 8.305533352967814,
      "23": 8.491528621053908
    },
    "residuals_mean": -2.484320305900166,
    "residuals_median": -2.1235323228978302,
    "residuals_std": 10.370438849484746,
    "residuals_skew": -0.6410211243884408,
    "feature_importances": {
      "uk_wind_gap_x_gas": 9.464358593845477,
      "uk_spot_la_log": 5.7688173777911205,
      "uk_asinh_spot_la": 5.18051418758554,
      "uk_spot_la": 4.111813870762581,
      "uk_residual_x_spark": 3.884017934065154,
      "uk_thermal_need_x_gas": 3.5973343471628896,