{
  "fr": {
    "3model_hbc": 16.308264776989194,
    "4model_hbc": 15.98510845393551,
    "alt_hbc": 16.143024792879334,
    "best_linear": "EN_a10.0_l0.9",
    "3model_weights": {
      "night": {
        "CB": 0.6,
        "LGB": 0.3,
        "XGB": 0.1
      },
      "morning": {
        "CB": 1.0,
        "LGB": 0.0,
        "XGB": 0.0
      },
      "day": {
        "CB": 0.7,
        "LGB": 0.2,
        "XGB": 0.1
      },
      "peak": {
        "CB": 0.9,
        "LGB": 0.0,
        "XGB": 0.1
      },
      "late": {
        "CB": 1.0,
        "LGB": 0.0,
        "XGB": 0.0
      }
    },
    "4model_weights": {
      "night": {
        "CB": 0.6,
        "LGB": 0.2,
        "XGB": 0.1,
        "LIN": 0.1
      },
      "morning": {
        "CB": 0.7,
        "LGB": 0.0,
        "XGB": 0.0,
        "LIN": 0.3
      },
      "day": {
        "CB": 0.4,
        "LGB": 0.0,
        "XGB": 0.2,
        "LIN": 0.4
      },
      "peak": {
        "CB": 0.4,
        "LGB": 0.0,
        "XGB": 0.1,
        "LIN": 0.5
      },
      "late": {
        "CB": 0.9,
        "LGB": 0.0,
        "XGB": 0.0,
        "LIN": 0.1
      }
    },
    "standalone": {
      "CB": {
        "rmse": 16.669535256028492,
        "rmse_hbc": 16.5174051303828
      },
      "Ridge_a10.0": {
        "rmse": 17.367391297291952,
        "rmse_hbc": 16.855612298492893
      },
      "Ridge_a1.0": {
        "rmse": 17.449480560242655,
        "rmse_hbc": 16.859671221215024
      },
      "LGB": {
        "rmse": 17.73850084610485,
        "rmse_hbc": 17.579895780817537
      },
      "Ridge_a0.1": {
        "rmse": 17.805103733676855,
        "rmse_hbc": 16.937618380136666
      },
      "EN_a10.0_l0.5": {
        "rmse": 17.89438085054812,
        "rmse_hbc": 16.79755091083569
      },
      "EN_a10.0_l0.9": {
        "rmse": 17.897972145700095,
        "rmse_hbc": 16.433020338599135
      },
      "EN_a10.0_l0.1": {
        "rmse": 18.502613619499225,
        "rmse_hbc": 17.490446369282022
      },
      "EN_a1.0_l0.1": {
        "rmse": 22.21829662157814,
        "rmse_hbc": 20.156813775450846
      },
      "EN_a1.0_l0.5": {
        "rmse": 23.133169185455795,
        "rmse_hbc": 21.16878123423208
      },
      "Ridge_a100.0": {
        "rmse": 24.029049107037523,
        "rmse_hbc": 21.64728508048046
      },
      "EN_a1.0_l0.9": {
        "rmse": 24.632708914342672,
        "rmse_hbc": 23.019227822073262
      },
      "EN_a0.1_l0.1": {
        "rmse": 25.342024283839926,
        "rmse_hbc": 23.690542742438222
      },
      "EN_a0.1_l0.5": {
        "rmse": 25.548274623780063,
        "rmse_hbc": 24.036683620509027
      },
      "EN_a0.1_l0.9": {
        "rmse": 25.807531559139335,
        "rmse_hbc": 24.59051644384977
      },
      "EN_a0.01_l0.1": {
        "rmse": 26.115147669085125,
        "rmse_hbc": 24.968542765248085
      },
      "EN_a0.01_l0.5": {
        "rmse": 26.18997424373874,
        "rmse_hbc": 25.144865760605526
      },
      "EN_a0.01_l0.9": {
        "rmse": 26.393307932366834,
        "rmse_hbc": 25.432487637996232
      },
      "Ridge_a1000.0": {
        "rmse": 27.810593198092107,
        "rmse_hbc": 24.454535810766004
      },
      "XGB": {
        "rmse": 28.377647102403994,
        "rmse_hbc": 24.88000112676135
      }
    }
  },
  "uk": {
    "3model_hbc": 9.752538079376173,
    "4model_hbc": 9.694802632782089,
    "alt_hbc": 9.721791577934875,
    "best_linear": "EN_a1.0_l0.9",
    "3model_weights": {
      "night": {
        "CB": 0.8,
        "LGB": 0.2,
        "XGB": -0.0
      },
      "morning": {
        "CB": 0.9,
        "LGB": 0.1,
        "XGB": -0.0
      },
      "day": {
        "CB": 0.4,
        "LGB": 0.2,
        "XGB": 0.4
      },
      "peak": {
        "CB": 0.6,
        "LGB": 0.4,
        "XGB": -0.0
      },
      "late": {
        "CB": 0.8,
        "LGB": 0.0,
        "XGB": 0.2
      }
    },
    "4model_weights": {
      "night": {
        "CB": 0.5,
        "LGB": 0.0,
        "XGB": 0.2,
        "LIN": 0.3
      },
      "morning": {
        "CB": 0.8,
        "LGB": 0.1,
        "XGB": 0.0,
        "LIN": 0.1
      },
      "day": {
        "CB": 0.4,
        "LGB": 0.2,
        "XGB": 0.4,
        "LIN": -0.0
      },
      "peak": {
        "CB": 0.6,
        "LGB": 0.4,
        "XGB": 0.0,
        "LIN": -0.0
      },
      "late": {
        "CB": 0.8,
        "LGB": 0.0,
        "XGB": 0.2,
        "LIN": -0.0
      }
    },
    "standalone": {
      "CB": {
        "rmse": 10.034459511598065,
        "rmse_hbc": 9.873058628543797
      },
      "LGB": {
        "rmse": 10.4866384434427,
        "rmse_hbc": 10.17359593711349
      },
      "XGB": {
        "rmse": 10.672922487731162,
        "rmse_hbc": 10.431851232353857
      },
      "EN_a1.0_l0.9": {
        "rmse": 13.570783235651282,
        "rmse_hbc": 13.095308409647808
      },
      "EN_a1.0_l0.5": {
        "rmse": 14.624426140026321,
        "rmse_hbc": 13.70634695990953
      },
      "EN_a10.0_l0.5": {
        "rmse": 14.649080232332567,
        "rmse_hbc": 14.395447494022896
      },
      "EN_a10.0_l0.1": {
        "rmse": 15.111751183508991,
        "rmse_hbc": 14.558107695679178
      },
      "EN_a0.1_l0.5": {
        "rmse": 15.326915552708703,
        "rmse_hbc": 13.764255977718348
      },
      "EN_a0.1_l0.1": {
        "rmse": 15.417827984765733,
        "rmse_hbc": 13.98422247773686
      },
      "EN_a0.01_l0.1": {
        "rmse": 15.520711739089585,
        "rmse_hbc": 13.488478991828545
      },
      "Ridge_a1000.0": {
        "rmse": 15.53621009419358,
        "rmse_hbc": 13.936261499403345
      },
      "Ridge_a100.0": {
        "rmse": 15.5457131556939,
        "rmse_hbc": 13.504339449228127
      },
      "EN_a1.0_l0.1": {
        "rmse": 15.565855623364369,
        "rmse_hbc": 14.429458504480017
      },
      "EN_a0.1_l0.9": {
        "rmse": 15.588137403164943,
        "rmse_hbc": 13.4708487021701
      },
      "EN_a10.0_l0.9": {
        "rmse": 15.640701648533488,
        "rmse_hbc": 15.150091019922307
      },
      "EN_a0.01_l0.5": {
        "rmse": 15.680754263358951,
        "rmse_hbc": 13.557662778220193
      },
      "EN_a0.01_l0.9": {
        "rmse": 16.340792933791256,
        "rmse_hbc": 13.80239009731003
      },
      "Ridge_a10.0": {
        "rmse": 16.553002084069174,
        "rmse_hbc": 14.033611221233915
      },
      "Ridge_a1.0": {
        "rmse": 17.289245058082077,
        "rmse_hbc": 14.21172005456428
      },
      "Ridge_a0.1": {
        "rmse": 17.619117332731662,
        "rmse_hbc": 14.228866995811755
      }
    }
  },
  "sum_3model": 26.060802856365367,
  "sum_4model": 25.6799110867176,
  "sum_alt": 25.86481637081421
}