{
  "fr_standalone": {
    "CatBoost": {
      "rmse": 16.669535256028492,
      "rmse_hbc": 16.5174051303828
    },
    "LightGBM": {
      "rmse": 17.73850084610485,
      "rmse_hbc": 17.579895780817537
    },
    "XGBoost": {
      "rmse": 28.377647102403994,
      "rmse_hbc": 24.88000112676135
    },
    "HistGB": {
      "rmse": 19.420962229267975,
      "rmse_hbc": 18.07248808959893
    }
  },
  "uk_standalone": {
    "CatBoost": {
      "rmse": 10.034459511598065,
      "rmse_hbc": 9.873058628543797
    },
    "LightGBM": {
      "rmse": 10.4866384434427,
      "rmse_hbc": 10.17359593711349
    },
    "XGBoost": {
      "rmse": 10.672922487731162,
      "rmse_hbc": 10.431851232353857
    },
    "HistGB": {
      "rmse": 11.196835319851225,
      "rmse_hbc": 10.961931369774165
    }
  },
  "fr_best_2": {
    "rmse_hbc": 16.435069624427445,
    "label": "CatBoost + XGBoost",
    "w": 0.9,
    "m1": "CatBoost",
    "m2": "XGBoost",
    "rmse": 16.575743989213237
  },
  "uk_best_2": {
    "rmse_hbc": 9.775280998151482,
    "label": "CatBoost + LightGBM",
    "w": 0.7000000000000001,
    "m1": "CatBoost",
    "m2": "LightGBM",
    "rmse": 9.946068620840474
  },
  "fr_best_3": {
    "rmse_hbc": 16.435069624427445,
    "label": "CatBoost+LightGBM+XGBoost",
    "w": [
      0.9,
      0.0,
      0.09999999999999998
    ],
    "models": [
      "CatBoost",
      "LightGBM",
      "XGBoost"
    ],
    "rmse": 16.575743989213237
  },
  "uk_best_3": {
    "rmse_hbc": 9.767374201183728,
    "label": "CatBoost+LightGBM+XGBoost",
    "w": [
      0.7000000000000001,
      0.2,
      0.09999999999999992
    ],
    "models": [
      "CatBoost",
      "LightGBM",
      "XGBoost"
    ],
    "rmse": 9.93557754872514
  }
}