{
  "fr": {
    "global": {
      "rmse_hbc": 16.43506962442745,
      "weights": [
        0.9,
        0.0,
        0.1
      ]
    },
    "regime": {
      "rmse_hbc": 16.308264776989194,
      "weights": {
        "night": {
          "rmse": 15.648788313543431,
          "w": [
            0.6,
            0.3,
            0.1
          ]
        },
        "morning": {
          "rmse": 19.653382495051197,
          "w": [
            1.0,
            0.0,
            0.0
          ]
        },
        "day": {
          "rmse": 14.455837004604405,
          "w": [
            0.7,
            0.2,
            0.1
          ]
        },
        "peak": {
          "rmse": 17.37185298468768,
          "w": [
            0.9,
            0.0,
            0.1
          ]
        },
        "late": {
          "rmse": 15.603143672245976,
          "w": [
            1.0,
            0.0,
            0.0
          ]
        }
      }
    }
  },
  "uk": {
    "global": {
      "rmse_hbc": 9.767374201183728,
      "weights": [
        0.7,
        0.2,
        0.1
      ]
    },
    "regime": {
      "rmse_hbc": 9.752538079376173,
      "weights": {
        "night": {
          "rmse": 10.626789344022544,
          "w": [
            0.8,
            0.2,
            -0.0
          ]
        },
        "morning": {
          "rmse": 11.170507903329701,
          "w": [
            0.9,
            0.1,
            -0.0
          ]
        },
        "day": {
          "rmse": 10.842288122977239,
          "w": [
            0.4,
            0.2,
            0.4
          ]
        },
        "peak": {
          "rmse": 7.166889474576024,
          "w": [
            0.6,
            0.4,
            -0.0
          ]
        },
        "late": {
          "rmse": 6.742345121332508,
          "w": [
            0.8,
            0.0,
            0.2
          ]
        }
      }
    }
  },
  "global_sum": 26.202443825611176,
  "regime_sum": 26.060802856365367
}